core,size,elapsed,avg_time
16,700,676.0317204000312,0.9657596005714731
