core,size,elapsed,avg_time
16,500,400.1626306999824,0.8003252613999648
