core,size,elapsed,avg_time
16,300,260.1208791999961,0.8670695973333205
